
{
    "apiName":"BankingApi",
    "apiVersion":"1.0",
    "apiId":"756f23ce-9c69-4500-a969-5b4ce01da4aa",
    "baseUrl":"https://16549B19877743C598F5AB62809C7D72.uscom-central-1.oraclecloud.com:443",
    "tokenEndpoint":"https://idcs-f39015c6dacf4d658daeac06bb39e471.identity.oraclecloud.com/oauth2/v1/token",
    "backend":{
        "backendId":"5247baa8-e677-411a-8e45-b45e83303dfa",
        "backendName":"chatbot",
        "backendVersion":"1.0",
        "authorization":{
            "anonymousKey":"MTY1NDlCMTk4Nzc3NDNDNTk4RjVBQjYyODA5QzdENzJfTW9iaWxlQW5vbnltb3VzX0FQUElEOmUxMmUzNDVlLTJjMmUtNGI5Ni1hNzM2LThjODNkZjkxNGIxZA==",
            "clientId":"6bb8a968f8154d929dcfacffdf378b6f",
            "clientSecret":"b5e39ef7-d932-4c46-b568-0fc6c065450c"
        }
    },
    "tools":{
        "deployment":{
            "tempDirectory":"c:\\tmp\\mcs-deploy"
        },
        "authorization":{
            "clientId":"6bb8a968f8154d929dcfacffdf378b6f",
            "clientSecret":"b5e39ef7-d932-4c46-b568-0fc6c065450c"
        }
    },
    "container":{
        "oracleMobileApiName":"OracleMobileAPI",
        "port":4000
    },
    "tests":{
        "getAccounts":{
            "method":"GET",
            "resource":"/accounts"
        },
        "postAccountsIdTransactions":{
            "method":"POST",
            "resource":"/accounts/:id/transactions",
            "uriParameters":{
                "id":"<PARAMETER_VALUE>"
            },
            "payload":{
                "date":"2016-01-20T10:34:31Z",
                "type":"payment",
                "description":"Payment for the babysitter",
                "fromAccountType":"credit card",
                "toAccount":"the babysitter",
                "amount":500
            }
        },
        "getAccountsIdTransactions":{
            "method":"GET",
            "resource":"/accounts/:id/transactions",
            "uriParameters":{
                "id":"<PARAMETER_VALUE>"
            }
        },
        "getStats":{
            "method":"GET",
            "resource":"/stats"
        },
        "getAccountsId":{
            "method":"GET",
            "resource":"/accounts/:id",
            "uriParameters":{
                "id":"<PARAMETER_VALUE>"
            }
        },
        "getAccountsIdBalance":{
            "method":"GET",
            "resource":"/accounts/:id/balance",
            "uriParameters":{
                "id":"<PARAMETER_VALUE>"
            }
        },
        "getAccountsIdTransactionsTid":{
            "method":"GET",
            "resource":"/accounts/:id/transactions/:tid",
            "uriParameters":{
                "id":"<PARAMETER_VALUE>",
                "tid":"<PARAMETER_VALUE>"
            }
        }
    }
}